time,acc_x,acc_y,acc_z,gyro_x,gyro_y,gyro_z,roll,pitch,yaw
2021-09-18 19:08:28.440641,0.96630859375,-0.0205078125,0.25537109375,0.0,0.0,0.0,-4.5208740234375,-75.333251953125,-11.2115478515625
2021-09-18 19:08:28.452238,0.96630859375,-0.01953125,0.2548828125,0.0,0.0,0.0,-4.515380859375,-75.333251953125,-11.2115478515625
2021-09-18 19:08:28.462026,0.9677734375,-0.02197265625,0.25048828125,0.0,0.0,0.0,-4.5208740234375,-75.333251953125,-11.2115478515625
2021-09-18 19:08:28.471969,0.9677734375,-0.02197265625,0.25048828125,0.0,0.0,0.0,-4.5263671875,-75.333251953125,-11.2115478515625
2021-09-18 19:08:28.481983,0.966796875,-0.02001953125,0.2529296875,0.0,0.0,0.0,-4.5263671875,-75.333251953125,-11.2115478515625
2021-09-18 19:08:28.491973,0.9658203125,-0.02099609375,0.25390625,0.0,0.0,0.0,-4.5263671875,-75.333251953125,-11.2115478515625
2021-09-18 19:08:28.501803,0.966796875,-0.021484375,0.25244140625,0.0,0.0,0.0,-4.5318603515625,-75.333251953125,-11.2115478515625
2021-09-18 19:08:28.511749,0.966796875,-0.02099609375,0.2529296875,0.0,0.0,0.0,-4.5318603515625,-75.333251953125,-11.2115478515625
2021-09-18 19:08:28.521881,0.96533203125,-0.02099609375,0.25244140625,0.0,0.0,0.0,-4.537353515625,-75.333251953125,-11.2115478515625
2021-09-18 19:08:28.531767,0.96533203125,-0.02001953125,0.25439453125,0.0,0.0,0.0,-4.537353515625,-75.333251953125,-11.2115478515625
2021-09-18 19:08:28.541620,0.9677734375,-0.0205078125,0.25390625,0.0,0.0,0.0,-4.537353515625,-75.333251953125,-11.2115478515625
2021-09-18 19:08:28.551798,0.96728515625,-0.01953125,0.25244140625,0.0,0.0,0.0,-4.537353515625,-75.333251953125,-11.2115478515625
2021-09-18 19:08:28.561754,0.966796875,-0.02001953125,0.25146484375,0.0,0.0,0.0,-4.537353515625,-75.333251953125,-11.2115478515625
2021-09-18 19:08:28.571639,0.96630859375,-0.02099609375,0.24853515625,0.0,0.0,0.0,-4.537353515625,-75.3387451171875,-11.2115478515625
2021-09-18 19:08:28.581552,0.9658203125,-0.0205078125,0.251953125,0.0,0.0,0.0,-4.537353515625,-75.3387451171875,-11.2115478515625
2021-09-18 19:08:28.591570,0.9658203125,-0.0205078125,0.25390625,0.0,0.0,0.0,-4.5428466796875,-75.3387451171875,-11.2115478515625
2021-09-18 19:08:28.601533,0.9658203125,-0.02099609375,0.25390625,0.0,0.0,0.0,-4.5428466796875,-75.3387451171875,-11.2115478515625
2021-09-18 19:08:28.611436,0.96484375,-0.02001953125,0.25341796875,0.0,0.0,0.0,-4.5428466796875,-75.3387451171875,-11.2115478515625
2021-09-18 19:08:28.621498,0.96630859375,-0.02099609375,0.25390625,0.0,0.0,0.0,-4.5428466796875,-75.3387451171875,-11.2115478515625
2021-09-18 19:08:28.631415,0.96630859375,-0.01953125,0.25244140625,0.0,0.0,0.0,-4.5428466796875,-75.3387451171875,-11.2115478515625
2021-09-18 19:08:28.641357,0.96533203125,-0.017578125,0.25244140625,0.0,0.0,0.0,-4.537353515625,-75.3387451171875,-11.2115478515625
2021-09-18 19:08:28.651261,0.9658203125,-0.02001953125,0.2529296875,0.0,0.0,0.0,-4.537353515625,-75.3387451171875,-11.2115478515625
2021-09-18 19:08:28.661376,0.96533203125,-0.021484375,0.251953125,0.0,0.0,0.0,-4.5428466796875,-75.3387451171875,-11.2115478515625
2021-09-18 19:08:28.671298,0.966796875,-0.021484375,0.25439453125,0.0,0.0,0.0,-4.5428466796875,-75.3387451171875,-11.2115478515625
2021-09-18 19:08:28.681401,0.9638671875,-0.0205078125,0.25341796875,0.0,0.0,0.0,-4.5428466796875,-75.3387451171875,-11.2115478515625
2021-09-18 19:08:28.691140,0.96484375,-0.0205078125,0.25341796875,0.0,0.0,0.0,-4.5428466796875,-75.3387451171875,-11.2115478515625
2021-09-18 19:08:28.701244,0.96630859375,-0.02197265625,0.25048828125,0.0,0.0,0.0,-4.54833984375,-75.3387451171875,-11.2115478515625
2021-09-18 19:08:28.711088,0.9658203125,-0.01904296875,0.25,0.0,0.0,0.0,-4.54833984375,-75.3387451171875,-11.2115478515625
2021-09-18 19:08:28.721004,0.9658203125,-0.02001953125,0.25341796875,0.0,0.0,0.0,-4.54833984375,-75.3387451171875,-11.2115478515625
2021-09-18 19:08:28.731021,0.96435546875,-0.02001953125,0.2548828125,0.0,0.0,0.0,-4.54833984375,-75.3387451171875,-11.2115478515625
2021-09-18 19:08:28.741069,0.96533203125,-0.0205078125,0.25537109375,0.0,0.0,0.0,-4.54833984375,-75.3387451171875,-11.2115478515625
2021-09-18 19:08:28.750997,0.96435546875,-0.01806640625,0.25439453125,0.0,0.0,0.0,-4.5428466796875,-75.333251953125,-11.2115478515625
2021-09-18 19:08:28.760884,0.96533203125,-0.01806640625,0.2529296875,0.0,0.0,0.0,-4.537353515625,-75.333251953125,-11.2115478515625
2021-09-18 19:08:28.770847,0.96435546875,-0.02001953125,0.25341796875,0.0,0.0,0.0,-4.537353515625,-75.333251953125,-11.2115478515625
2021-09-18 19:08:28.780970,0.96484375,-0.0205078125,0.251953125,0.0,0.0,0.0,-4.537353515625,-75.333251953125,-11.2115478515625
2021-09-18 19:08:28.790841,0.96630859375,-0.021484375,0.2529296875,0.0,0.0,0.0,-4.5428466796875,-75.333251953125,-11.2115478515625
2021-09-18 19:08:28.800748,0.96630859375,-0.02099609375,0.25244140625,0.0,0.0,0.0,-4.5428466796875,-75.333251953125,-11.2115478515625
2021-09-18 19:08:28.811713,0.966796875,-0.02197265625,0.25146484375,0.0,0.0,0.0,-4.54833984375,-75.3387451171875,-11.2115478515625
2021-09-18 19:08:28.820796,0.96533203125,-0.02001953125,0.251953125,0.0,0.0,0.0,-4.54833984375,-75.3387451171875,-11.2115478515625
2021-09-18 19:08:28.830722,0.96630859375,-0.0205078125,0.2509765625,0.0,0.0,0.0,-4.54833984375,-75.3387451171875,-11.2115478515625
2021-09-18 19:08:28.840617,0.96533203125,-0.02001953125,0.25048828125,0.0,0.0,0.0,-4.54833984375,-75.3387451171875,-11.2115478515625
2021-09-18 19:08:28.850517,0.96728515625,-0.0205078125,0.25146484375,0.0,0.0,0.0,-4.54833984375,-75.3387451171875,-11.2115478515625
2021-09-18 19:08:28.860600,0.96630859375,-0.02099609375,0.2529296875,0.0,0.0,0.0,-4.5538330078125,-75.3387451171875,-11.2115478515625
2021-09-18 19:08:28.870713,0.96630859375,-0.02001953125,0.25390625,0.0,0.0,0.0,-4.5538330078125,-75.3387451171875,-11.2115478515625
2021-09-18 19:08:28.880475,0.96337890625,-0.01953125,0.25439453125,0.0,0.0,0.0,-4.54833984375,-75.3387451171875,-11.2115478515625
2021-09-18 19:08:28.890418,0.9638671875,-0.01806640625,0.25537109375,0.0,0.0,0.0,-4.5428466796875,-75.333251953125,-11.2115478515625
2021-09-18 19:08:28.900498,0.96484375,-0.02294921875,0.2548828125,0.0,0.0,0.0,-4.5538330078125,-75.333251953125,-11.2115478515625
2021-09-18 19:08:28.910410,0.96435546875,-0.0224609375,0.25390625,0.0,0.0,0.0,-4.5538330078125,-75.333251953125,-11.2115478515625
2021-09-18 19:08:28.920329,0.9638671875,-0.0205078125,0.25146484375,0.0,0.0,0.0,-4.559326171875,-75.333251953125,-11.2115478515625
2021-09-18 19:08:28.930506,0.96533203125,-0.02099609375,0.25439453125,0.0,0.0,0.0,-4.559326171875,-75.333251953125,-11.2115478515625
2021-09-18 19:08:28.940401,0.96630859375,-0.01953125,0.2529296875,0.0,0.0,0.0,-4.559326171875,-75.333251953125,-11.2115478515625
2021-09-18 19:08:28.950300,0.966796875,-0.0205078125,0.2548828125,0.0,0.0,0.0,-4.559326171875,-75.333251953125,-11.2115478515625
2021-09-18 19:08:28.960203,0.9677734375,-0.02197265625,0.2529296875,0.0,0.0,0.0,-4.559326171875,-75.333251953125,-11.2115478515625
2021-09-18 19:08:28.970303,0.96728515625,-0.01904296875,0.2548828125,0.0,0.0,0.0,-4.559326171875,-75.333251953125,-11.2115478515625
2021-09-18 19:08:28.980318,0.9658203125,-0.02001953125,0.25390625,0.0,0.0,0.0,-4.559326171875,-75.333251953125,-11.2115478515625
2021-09-18 19:08:28.990188,0.96728515625,-0.01904296875,0.2529296875,0.0,0.0,0.0,-4.5538330078125,-75.333251953125,-11.2115478515625
2021-09-18 19:08:29.000054,0.96630859375,-0.02001953125,0.25244140625,0.0,0.0,0.0,-4.5538330078125,-75.333251953125,-11.2115478515625
2021-09-18 19:08:29.010123,0.96435546875,-0.02001953125,0.2548828125,0.0,0.0,0.0,-4.5538330078125,-75.333251953125,-11.2115478515625
2021-09-18 19:08:29.020082,0.96435546875,-0.01953125,0.2529296875,0.0,0.0,0.0,-4.5538330078125,-75.3277587890625,-11.2115478515625
2021-09-18 19:08:29.029957,0.96533203125,-0.01806640625,0.2548828125,0.0,0.0,0.0,-4.54833984375,-75.3277587890625,-11.2115478515625
2021-09-18 19:08:29.040346,0.9658203125,-0.02001953125,0.25341796875,0.0,0.0,0.0,-4.54833984375,-75.3277587890625,-11.2115478515625
2021-09-18 19:08:29.049968,0.9677734375,-0.0205078125,0.25439453125,0.0,0.0,0.0,-4.54833984375,-75.3277587890625,-11.2115478515625
2021-09-18 19:08:29.059917,0.9677734375,-0.02197265625,0.25439453125,0.0,0.0,0.0,-4.5538330078125,-75.3277587890625,-11.2115478515625
2021-09-18 19:08:29.069817,0.96630859375,-0.021484375,0.25341796875,0.0,0.0,0.0,-4.5538330078125,-75.3277587890625,-11.2115478515625
2021-09-18 19:08:29.079738,0.96533203125,-0.01953125,0.25439453125,0.0,0.0,0.0,-4.5538330078125,-75.3277587890625,-11.2115478515625
2021-09-18 19:08:29.089881,0.96533203125,-0.01806640625,0.2509765625,0.0,0.0,0.0,-4.54833984375,-75.3277587890625,-11.2115478515625
2021-09-18 19:08:29.099777,0.9658203125,-0.01953125,0.25341796875,0.0,0.0,0.0,-4.54833984375,-75.3277587890625,-11.2115478515625
2021-09-18 19:08:29.109694,0.9658203125,-0.0205078125,0.25341796875,0.0,0.0,0.0,-4.54833984375,-75.3277587890625,-11.2115478515625
2021-09-18 19:08:29.119636,0.96484375,-0.0205078125,0.25244140625,0.0,0.0,0.0,-4.54833984375,-75.3277587890625,-11.2115478515625
2021-09-18 19:08:29.129729,0.966796875,-0.02197265625,0.25341796875,0.0,0.0,0.0,-4.5538330078125,-75.3277587890625,-11.2115478515625
2021-09-18 19:08:29.139600,0.96728515625,-0.02099609375,0.2548828125,0.0,0.0,0.0,-4.5538330078125,-75.3277587890625,-11.2115478515625
2021-09-18 19:08:29.149581,0.966796875,-0.01953125,0.25537109375,0.0,0.0,0.0,-4.5538330078125,-75.322265625,-11.2115478515625
2021-09-18 19:08:29.159477,0.966796875,-0.0234375,0.2548828125,0.0,0.0,0.0,-4.559326171875,-75.322265625,-11.2115478515625
2021-09-18 19:08:29.169552,0.9658203125,-0.0205078125,0.2529296875,0.0,0.0,0.0,-4.559326171875,-75.322265625,-11.2115478515625
2021-09-18 19:08:29.179532,0.96630859375,-0.01904296875,0.2548828125,0.0,0.0,0.0,-4.559326171875,-75.322265625,-11.2115478515625
2021-09-18 19:08:29.189427,0.96728515625,-0.02001953125,0.25341796875,0.0,0.0,0.0,-4.559326171875,-75.322265625,-11.2115478515625
2021-09-18 19:08:29.199529,0.96630859375,-0.01953125,0.25146484375,0.0,0.0,0.0,-4.5538330078125,-75.322265625,-11.2115478515625
2021-09-18 19:08:29.209424,0.966796875,-0.01953125,0.251953125,0.0,0.0,0.0,-4.5538330078125,-75.322265625,-11.2115478515625
2021-09-18 19:08:29.219341,0.96533203125,-0.02099609375,0.25244140625,0.0,0.0,0.0,-4.559326171875,-75.322265625,-11.2115478515625
2021-09-18 19:08:29.229321,0.96484375,-0.0205078125,0.25341796875,0.0,0.0,0.0,-4.559326171875,-75.322265625,-11.2115478515625
2021-09-18 19:08:29.239366,0.96533203125,-0.02001953125,0.25341796875,0.0,0.0,0.0,-4.559326171875,-75.322265625,-11.2115478515625
2021-09-18 19:08:29.249390,0.96484375,-0.02001953125,0.25537109375,0.0,0.0,0.0,-4.559326171875,-75.322265625,-11.2115478515625
2021-09-18 19:08:29.259208,0.9658203125,-0.01953125,0.255859375,0.0,0.0,0.0,-4.5538330078125,-75.322265625,-11.2115478515625
2021-09-18 19:08:29.269140,0.96728515625,-0.02099609375,0.25244140625,0.0,0.0,0.0,-4.559326171875,-75.322265625,-11.2115478515625
2021-09-18 19:08:29.279216,0.96630859375,-0.021484375,0.2529296875,0.0,0.0,0.0,-4.559326171875,-75.322265625,-11.2115478515625
2021-09-18 19:08:29.289091,0.96533203125,-0.01953125,0.2529296875,0.0,0.0,0.0,-4.559326171875,-75.322265625,-11.2115478515625
2021-09-18 19:08:29.299062,0.96435546875,-0.01806640625,0.25390625,0.0,0.0,0.0,-4.5538330078125,-75.322265625,-11.2115478515625
2021-09-18 19:08:29.309984,0.96533203125,-0.0185546875,0.25244140625,0.0,0.0,0.0,-4.54833984375,-75.322265625,-11.2115478515625
2021-09-18 19:08:29.319052,0.96728515625,-0.021484375,0.25341796875,0.0,0.0,0.0,-4.5538330078125,-75.322265625,-11.2115478515625
2021-09-18 19:08:29.328955,0.9658203125,-0.01953125,0.25390625,0.0,0.0,0.0,-4.5538330078125,-75.322265625,-11.2115478515625
2021-09-18 19:08:29.338851,0.9658203125,-0.0205078125,0.2548828125,0.0,0.0,0.0,-4.5538330078125,-75.3167724609375,-11.2115478515625
2021-09-18 19:08:29.348788,0.96484375,-0.021484375,0.25341796875,0.0,0.0,0.0,-4.5538330078125,-75.3167724609375,-11.2115478515625
2021-09-18 19:08:29.358919,0.9658203125,-0.0205078125,0.25390625,0.0,0.0,0.0,-4.5538330078125,-75.3167724609375,-11.2115478515625
2021-09-18 19:08:29.368918,0.96630859375,-0.02001953125,0.25439453125,0.0,0.0,0.0,-4.5538330078125,-75.3167724609375,-11.2115478515625
2021-09-18 19:08:29.378748,0.96484375,-0.0205078125,0.25634765625,0.0,0.0,0.0,-4.5538330078125,-75.3167724609375,-11.2115478515625
2021-09-18 19:08:29.388796,0.966796875,-0.02001953125,0.2529296875,0.0,0.0,0.0,-4.5538330078125,-75.3167724609375,-11.2115478515625
2021-09-18 19:08:29.398753,0.96533203125,-0.01953125,0.25439453125,0.0,0.0,0.0,-4.5538330078125,-75.3167724609375,-11.2115478515625
2021-09-18 19:08:29.408662,0.96484375,-0.0205078125,0.25244140625,0.0,0.0,0.0,-4.5538330078125,-75.3167724609375,-11.2115478515625
2021-09-18 19:08:29.418590,0.966796875,-0.01904296875,0.2529296875,0.0,0.0,0.0,-4.5538330078125,-75.3167724609375,-11.2115478515625
2021-09-18 19:08:29.428719,0.96728515625,-0.01806640625,0.25341796875,0.0,0.0,0.0,-4.54833984375,-75.3167724609375,-11.2115478515625
2021-09-18 19:08:29.438548,0.96630859375,-0.021484375,0.25341796875,0.0,0.0,0.0,-4.54833984375,-75.3167724609375,-11.2115478515625
2021-09-18 19:08:29.448465,0.96484375,-0.0205078125,0.25244140625,0.0,0.0,0.0,-4.54833984375,-75.3167724609375,-11.2115478515625
2021-09-18 19:08:29.458478,0.96533203125,-0.02001953125,0.2509765625,0.0,0.0,0.0,-4.54833984375,-75.3167724609375,-11.2115478515625
2021-09-18 19:08:29.468519,0.966796875,-0.02001953125,0.25341796875,0.0,0.0,0.0,-4.54833984375,-75.3167724609375,-11.2115478515625
2021-09-18 19:08:29.478526,0.96630859375,-0.0205078125,0.25390625,0.0,0.0,0.0,-4.54833984375,-75.3167724609375,-11.2115478515625
2021-09-18 19:08:29.488352,0.9658203125,-0.01953125,0.25390625,0.0,0.0,0.0,-4.54833984375,-75.3167724609375,-11.2115478515625
2021-09-18 19:08:29.498422,0.96533203125,-0.0185546875,0.255859375,0.0,0.0,0.0,-4.5428466796875,-75.3167724609375,-11.2115478515625
2021-09-18 19:08:29.508298,0.96875,-0.01953125,0.25390625,0.0,0.0,0.0,-4.5428466796875,-75.3167724609375,-11.2115478515625
2021-09-18 19:08:29.518270,0.9658203125,-0.02001953125,0.24853515625,0.0,0.0,0.0,-4.5428466796875,-75.3167724609375,-11.2115478515625
2021-09-18 19:08:29.528191,0.966796875,-0.021484375,0.25146484375,0.0,0.0,0.0,-4.54833984375,-75.3167724609375,-11.2115478515625
2021-09-18 19:08:29.538343,0.96728515625,-0.02001953125,0.25537109375,0.0,0.0,0.0,-4.54833984375,-75.3167724609375,-11.2115478515625
2021-09-18 19:08:29.548203,0.9658203125,-0.02099609375,0.251953125,0.0,0.0,0.0,-4.54833984375,-75.3167724609375,-11.2115478515625
2021-09-18 19:08:29.558101,0.9638671875,-0.0185546875,0.25341796875,0.0,0.0,0.0,-4.5428466796875,-75.3167724609375,-11.2115478515625
2021-09-18 19:08:29.568182,0.96435546875,-0.01904296875,0.25244140625,0.0,0.0,0.0,-4.5428466796875,-75.3167724609375,-11.2115478515625
2021-09-18 19:08:29.578122,0.9658203125,-0.0185546875,0.2529296875,0.0,0.0,0.0,-4.537353515625,-75.3167724609375,-11.2115478515625
2021-09-18 19:08:29.588078,0.96533203125,-0.01806640625,0.25439453125,0.0,0.0,0.0,-4.537353515625,-75.3167724609375,-11.2115478515625
2021-09-18 19:08:29.597960,0.96630859375,-0.0185546875,0.251953125,0.0,0.0,0.0,-4.5318603515625,-75.3167724609375,-11.2115478515625
2021-09-18 19:08:29.607904,0.96826171875,-0.01953125,0.2529296875,0.0,0.0,0.0,-4.5318603515625,-75.322265625,-11.2115478515625
2021-09-18 19:08:29.617908,0.96728515625,-0.01904296875,0.25390625,0.0,0.0,0.0,-4.5263671875,-75.322265625,-11.2115478515625
2021-09-18 19:08:29.627877,0.96435546875,-0.01904296875,0.25390625,0.0,0.0,0.0,-4.5263671875,-75.322265625,-11.2115478515625
2021-09-18 19:08:29.637837,0.9658203125,-0.01953125,0.25390625,0.0,0.0,0.0,-4.5263671875,-75.322265625,-11.2115478515625
2021-09-18 19:08:29.647777,0.966796875,-0.021484375,0.25244140625,0.0,0.0,0.0,-4.5263671875,-75.322265625,-11.2115478515625
2021-09-18 19:08:29.657815,0.96630859375,-0.0224609375,0.25390625,0.0,0.0,0.0,-4.5318603515625,-75.322265625,-11.2115478515625
2021-09-18 19:08:29.667741,0.96484375,-0.02099609375,0.25537109375,0.0,0.0,0.0,-4.5318603515625,-75.3167724609375,-11.2115478515625
2021-09-18 19:08:29.677657,0.96728515625,-0.0205078125,0.255859375,0.0,0.0,0.0,-4.537353515625,-75.3167724609375,-11.2115478515625
2021-09-18 19:08:29.687765,0.96630859375,-0.0205078125,0.25341796875,0.0,0.0,0.0,-4.537353515625,-75.3167724609375,-11.2115478515625
2021-09-18 19:08:29.697777,0.96435546875,-0.0205078125,0.25439453125,0.0,0.0,0.0,-4.537353515625,-75.3167724609375,-11.2115478515625
2021-09-18 19:08:29.707627,0.9658203125,-0.0205078125,0.25146484375,0.0,0.0,0.0,-4.537353515625,-75.3167724609375,-11.2115478515625
2021-09-18 19:08:29.717508,0.96435546875,-0.021484375,0.25341796875,0.0,0.0,0.0,-4.5428466796875,-75.3167724609375,-11.2115478515625
2021-09-18 19:08:29.727579,0.96533203125,-0.01904296875,0.25439453125,0.0,0.0,0.0,-4.537353515625,-75.3167724609375,-11.2115478515625
2021-09-18 19:08:29.737508,0.9658203125,-0.02197265625,0.25244140625,0.0,0.0,0.0,-4.5428466796875,-75.3167724609375,-11.2115478515625
2021-09-18 19:08:29.747409,0.966796875,-0.0205078125,0.255859375,0.0,0.0,0.0,-4.5428466796875,-75.3167724609375,-11.2115478515625
2021-09-18 19:08:29.757514,0.9658203125,-0.02001953125,0.25439453125,0.0,0.0,0.0,-4.5428466796875,-75.3167724609375,-11.2115478515625
2021-09-18 19:08:29.767470,0.9658203125,-0.0205078125,0.25390625,0.0,0.0,0.0,-4.5428466796875,-75.3167724609375,-11.2115478515625
2021-09-18 19:08:29.777348,0.96484375,-0.021484375,0.25537109375,0.0,0.0,0.0,-4.54833984375,-75.3167724609375,-11.2115478515625
2021-09-18 19:08:29.787261,0.9658203125,-0.02001953125,0.25390625,0.0,0.0,0.0,-4.5428466796875,-75.3167724609375,-11.2115478515625
2021-09-18 19:08:29.797147,0.96630859375,-0.01904296875,0.25439453125,0.0,0.0,0.0,-4.5428466796875,-75.3167724609375,-11.2115478515625
2021-09-18 19:08:29.808217,0.9658203125,-0.02001953125,0.2529296875,0.0,0.0,0.0,-4.5428466796875,-75.311279296875,-11.2115478515625
2021-09-18 19:08:29.817255,0.9658203125,-0.01953125,0.25341796875,0.0,0.0,0.0,-4.5428466796875,-75.311279296875,-11.2115478515625
2021-09-18 19:08:29.827127,0.9658203125,-0.0185546875,0.25439453125,0.0,0.0,0.0,-4.537353515625,-75.311279296875,-11.2115478515625
2021-09-18 19:08:29.837016,0.9658203125,-0.01953125,0.25537109375,0.0,0.0,0.0,-4.537353515625,-75.311279296875,-11.2115478515625
2021-09-18 19:08:29.847099,0.96435546875,-0.0205078125,0.25537109375,0.0,0.0,0.0,-4.537353515625,-75.311279296875,-11.2115478515625
2021-09-18 19:08:29.857000,0.966796875,-0.02099609375,0.25146484375,0.0,0.0,0.0,-4.537353515625,-75.311279296875,-11.2115478515625
2021-09-18 19:08:29.867038,0.9658203125,-0.021484375,0.25341796875,0.0,0.0,0.0,-4.5428466796875,-75.311279296875,-11.2115478515625
2021-09-18 19:08:29.877042,0.96484375,-0.0224609375,0.25244140625,0.0,0.0,0.0,-4.54833984375,-75.311279296875,-11.2115478515625
2021-09-18 19:08:29.886956,0.96533203125,-0.021484375,0.251953125,0.0,0.0,0.0,-4.54833984375,-75.311279296875,-11.2115478515625
2021-09-18 19:08:29.896871,0.9658203125,-0.0205078125,0.251953125,0.0,0.0,0.0,-4.5538330078125,-75.311279296875,-11.2115478515625
2021-09-18 19:08:29.906935,0.96484375,-0.01953125,0.25,0.0,0.0,0.0,-4.54833984375,-75.3167724609375,-11.2115478515625
2021-09-18 19:08:29.916928,0.966796875,-0.02001953125,0.2509765625,0.0,0.0,0.0,-4.54833984375,-75.3167724609375,-11.2115478515625
2021-09-18 19:08:29.927030,0.9658203125,-0.01953125,0.25390625,0.0,0.0,0.0,-4.54833984375,-75.3167724609375,-11.2115478515625
2021-09-18 19:08:29.936837,0.96484375,-0.01953125,0.25244140625,0.0,0.0,0.0,-4.54833984375,-75.3167724609375,-11.2115478515625
2021-09-18 19:08:29.946913,0.9658203125,-0.02001953125,0.2509765625,0.0,0.0,0.0,-4.54833984375,-75.3167724609375,-11.2115478515625
2021-09-18 19:08:29.956777,0.9677734375,-0.01806640625,0.25146484375,0.0,0.0,0.0,-4.5428466796875,-75.3167724609375,-11.2115478515625
2021-09-18 19:08:29.966658,0.96533203125,-0.01708984375,0.2529296875,0.0,0.0,0.0,-4.537353515625,-75.3167724609375,-11.2115478515625
2021-09-18 19:08:29.976579,0.9638671875,-0.01904296875,0.25,0.0,0.0,0.0,-4.537353515625,-75.3167724609375,-11.2115478515625
2021-09-18 19:08:29.986649,0.96533203125,-0.01953125,0.251953125,0.0,0.0,0.0,-4.5318603515625,-75.322265625,-11.2115478515625
2021-09-18 19:08:29.996764,0.9658203125,-0.02001953125,0.25146484375,0.0,0.0,0.0,-4.5318603515625,-75.322265625,-11.2115478515625
2021-09-18 19:08:30.006574,0.9638671875,-0.0205078125,0.255859375,0.0,0.0,0.0,-4.5318603515625,-75.3167724609375,-11.2115478515625
2021-09-18 19:08:30.016434,0.96484375,-0.02001953125,0.2529296875,0.0,0.0,0.0,-4.5318603515625,-75.3167724609375,-11.2115478515625
2021-09-18 19:08:30.026496,0.9658203125,-0.01806640625,0.25537109375,0.0,0.0,0.0,-4.5318603515625,-75.3167724609375,-11.2115478515625
2021-09-18 19:08:30.036413,0.96630859375,-0.0185546875,0.2529296875,0.0,0.0,0.0,-4.5263671875,-75.3167724609375,-11.2115478515625
2021-09-18 19:08:30.046375,0.9658203125,-0.02099609375,0.25341796875,0.0,0.0,0.0,-4.5263671875,-75.3167724609375,-11.2115478515625
2021-09-18 19:08:30.056369,0.96533203125,-0.02099609375,0.25439453125,0.0,0.0,0.0,-4.5318603515625,-75.3167724609375,-11.2115478515625
2021-09-18 19:08:30.066409,0.96826171875,-0.0205078125,0.25439453125,0.0,0.0,0.0,-4.5318603515625,-75.3167724609375,-11.2115478515625
2021-09-18 19:08:30.076324,0.96728515625,-0.02197265625,0.25439453125,0.0,0.0,0.0,-4.5318603515625,-75.3167724609375,-11.2115478515625
2021-09-18 19:08:30.086183,0.96533203125,-0.0205078125,0.25390625,0.0,0.0,0.0,-4.537353515625,-75.3167724609375,-11.2115478515625
2021-09-18 19:08:30.096288,0.96728515625,-0.01904296875,0.25439453125,0.0,0.0,0.0,-4.5318603515625,-75.3167724609375,-11.2115478515625
2021-09-18 19:08:30.106291,0.96630859375,-0.01953125,0.2548828125,0.0,0.0,0.0,-4.5318603515625,-75.3167724609375,-11.2115478515625
2021-09-18 19:08:30.116180,0.96630859375,-0.02099609375,0.25244140625,0.0,0.0,0.0,-4.5318603515625,-75.3167724609375,-11.2115478515625
2021-09-18 19:08:30.126099,0.966796875,-0.02001953125,0.24951171875,0.0,0.0,0.0,-4.5318603515625,-75.3167724609375,-11.2115478515625
2021-09-18 19:08:30.136022,0.9658203125,-0.01904296875,0.251953125,0.0,0.0,0.0,-4.5318603515625,-75.3167724609375,-11.2115478515625
2021-09-18 19:08:30.146050,0.966796875,-0.02099609375,0.2548828125,0.0,0.0,0.0,-4.5318603515625,-75.3167724609375,-11.2115478515625
2021-09-18 19:08:30.156039,0.966796875,-0.01953125,0.25537109375,0.0,0.0,0.0,-4.5318603515625,-75.3167724609375,-11.2115478515625
2021-09-18 19:08:30.165965,0.966796875,-0.01953125,0.25146484375,0.0,0.0,0.0,-4.5318603515625,-75.3167724609375,-11.2115478515625
2021-09-18 19:08:30.176018,0.96484375,-0.02099609375,0.25146484375,0.0,0.0,0.0,-4.5318603515625,-75.3167724609375,-11.2115478515625
2021-09-18 19:08:30.185905,0.966796875,-0.021484375,0.2509765625,0.0,0.0,0.0,-4.537353515625,-75.3167724609375,-11.2115478515625
2021-09-18 19:08:30.195841,0.966796875,-0.021484375,0.251953125,0.0,0.0,0.0,-4.5428466796875,-75.3167724609375,-11.2115478515625
2021-09-18 19:08:30.205760,0.96728515625,-0.021484375,0.25341796875,0.0,0.0,0.0,-4.5428466796875,-75.3167724609375,-11.2115478515625
2021-09-18 19:08:30.215847,0.96728515625,-0.021484375,0.25341796875,0.0,0.0,0.0,-4.54833984375,-75.3167724609375,-11.2115478515625
2021-09-18 19:08:30.225889,0.96630859375,-0.02294921875,0.2509765625,0.0,0.0,0.0,-4.5538330078125,-75.322265625,-11.2115478515625
2021-09-18 19:08:30.235716,0.966796875,-0.0205078125,0.25146484375,0.0,0.0,0.0,-4.5538330078125,-75.322265625,-11.2115478515625
2021-09-18 19:08:30.245790,0.96630859375,-0.02001953125,0.2529296875,0.0,0.0,0.0,-4.5538330078125,-75.322265625,-11.2115478515625
2021-09-18 19:08:30.255695,0.96728515625,-0.01904296875,0.25341796875,0.0,0.0,0.0,-4.5538330078125,-75.322265625,-11.2115478515625
2021-09-18 19:08:30.265659,0.966796875,-0.02099609375,0.2529296875,0.0,0.0,0.0,-4.5538330078125,-75.322265625,-11.2115478515625
2021-09-18 19:08:30.275625,0.966796875,-0.01904296875,0.25146484375,0.0,0.0,0.0,-4.54833984375,-75.322265625,-11.2115478515625
2021-09-18 19:08:30.285660,0.96435546875,-0.0205078125,0.25244140625,0.0,0.0,0.0,-4.5538330078125,-75.322265625,-11.2115478515625
2021-09-18 19:08:30.295576,0.96533203125,-0.0205078125,0.24951171875,0.0,0.0,0.0,-4.5538330078125,-75.322265625,-11.2115478515625
2021-09-18 19:08:30.306514,0.96533203125,-0.02001953125,0.2548828125,0.0,0.0,0.0,-4.5538330078125,-75.322265625,-11.2115478515625
2021-09-18 19:08:30.315357,0.96728515625,-0.021484375,0.25244140625,0.0,0.0,0.0,-4.5538330078125,-75.322265625,-11.2115478515625
2021-09-18 19:08:30.325498,0.9658203125,-0.021484375,0.25439453125,0.0,0.0,0.0,-4.559326171875,-75.322265625,-11.2115478515625
2021-09-18 19:08:30.335392,0.962890625,-0.0205078125,0.2548828125,0.0,0.0,0.0,-4.559326171875,-75.322265625,-11.2115478515625
2021-09-18 19:08:30.345624,0.96484375,-0.0205078125,0.2529296875,0.0,0.0,0.0,-4.559326171875,-75.322265625,-11.2115478515625
2021-09-18 19:08:30.355393,0.96533203125,-0.01953125,0.25390625,0.0,0.0,0.0,-4.559326171875,-75.322265625,-11.2115478515625
2021-09-18 19:08:30.365342,0.9658203125,-0.0205078125,0.25146484375,0.0,0.0,0.0,-4.559326171875,-75.322265625,-11.2115478515625
2021-09-18 19:08:30.375293,0.96484375,-0.021484375,0.24951171875,0.0,0.0,0.0,-4.5648193359375,-75.322265625,-11.2115478515625
2021-09-18 19:08:30.385199,0.96533203125,-0.02099609375,0.251953125,0.0,0.0,0.0,-4.5648193359375,-75.322265625,-11.2115478515625
2021-09-18 19:08:30.395293,0.9658203125,-0.02099609375,0.251953125,0.0,0.0,0.0,-4.5648193359375,-75.322265625,-11.2115478515625
2021-09-18 19:08:30.405141,0.96484375,-0.01953125,0.25244140625,0.0,0.0,0.0,-4.5648193359375,-75.322265625,-11.2115478515625
2021-09-18 19:08:30.415143,0.96435546875,-0.0185546875,0.25390625,0.0,0.0,0.0,-4.559326171875,-75.322265625,-11.2115478515625
2021-09-18 19:08:30.425052,0.9658203125,-0.0185546875,0.25537109375,0.0,0.0,0.0,-4.559326171875,-75.322265625,-11.2115478515625
2021-09-18 19:08:30.435110,0.96484375,-0.0185546875,0.25341796875,0.0,0.0,0.0,-4.5538330078125,-75.322265625,-11.2115478515625
2021-09-18 19:08:30.445017,0.96630859375,-0.01953125,0.25341796875,0.0,0.0,0.0,-4.5538330078125,-75.322265625,-11.2115478515625
2021-09-18 19:08:30.454922,0.9658203125,-0.02001953125,0.2529296875,0.0,0.0,0.0,-4.5538330078125,-75.322265625,-11.2115478515625
2021-09-18 19:08:30.464940,0.9658203125,-0.021484375,0.255859375,0.0,0.0,0.0,-4.5538330078125,-75.322265625,-11.2115478515625
2021-09-18 19:08:30.474982,0.966796875,-0.0205078125,0.25390625,0.0,0.0,0.0,-4.5538330078125,-75.322265625,-11.2115478515625
2021-09-18 19:08:30.484900,0.96630859375,-0.02001953125,0.25341796875,0.0,0.0,0.0,-4.5538330078125,-75.322265625,-11.2115478515625
2021-09-18 19:08:30.494834,0.966796875,-0.0205078125,0.25048828125,0.0,0.0,0.0,-4.5538330078125,-75.322265625,-11.2115478515625
2021-09-18 19:08:30.504916,0.96630859375,-0.02001953125,0.25341796875,0.0,0.0,0.0,-4.5538330078125,-75.322265625,-11.2115478515625
2021-09-18 19:08:30.514878,0.9658203125,-0.02099609375,0.251953125,0.0,0.0,0.0,-4.559326171875,-75.322265625,-11.2115478515625
2021-09-18 19:08:30.524768,0.96533203125,-0.02197265625,0.255859375,0.0,0.0,0.0,-4.559326171875,-75.322265625,-11.2115478515625
2021-09-18 19:08:30.534638,0.9658203125,-0.02001953125,0.25341796875,0.0,0.0,0.0,-4.559326171875,-75.322265625,-11.2115478515625
2021-09-18 19:08:30.544703,0.9677734375,-0.021484375,0.2548828125,0.0,0.0,0.0,-4.5648193359375,-75.3167724609375,-11.2115478515625
2021-09-18 19:08:30.554658,0.9677734375,-0.02001953125,0.25439453125,0.0,0.0,0.0,-4.559326171875,-75.3167724609375,-11.2115478515625
2021-09-18 19:08:30.564698,0.9658203125,-0.0185546875,0.25244140625,0.0,0.0,0.0,-4.559326171875,-75.322265625,-11.2115478515625
2021-09-18 19:08:30.574521,0.9658203125,-0.0185546875,0.25244140625,0.0,0.0,0.0,-4.5538330078125,-75.322265625,-11.2115478515625
2021-09-18 19:08:30.584582,0.96630859375,-0.0205078125,0.25244140625,0.0,0.0,0.0,-4.5538330078125,-75.322265625,-11.2115478515625
2021-09-18 19:08:30.594488,0.9677734375,-0.02001953125,0.25,0.0,0.0,0.0,-4.5538330078125,-75.322265625,-11.2115478515625
2021-09-18 19:08:30.604440,0.9658203125,-0.02099609375,0.25341796875,0.0,0.0,0.0,-4.559326171875,-75.322265625,-11.2115478515625
2021-09-18 19:08:30.614438,0.96728515625,-0.02099609375,0.25146484375,0.0,0.0,0.0,-4.559326171875,-75.322265625,-11.2115478515625
2021-09-18 19:08:30.624465,0.9658203125,-0.01953125,0.25390625,0.0,0.0,0.0,-4.559326171875,-75.322265625,-11.2115478515625
2021-09-18 19:08:30.634383,0.9658203125,-0.0185546875,0.25439453125,0.0,0.0,0.0,-4.5538330078125,-75.322265625,-11.2115478515625
2021-09-18 19:08:30.644293,0.96435546875,-0.01904296875,0.25537109375,0.0,0.0,0.0,-4.5538330078125,-75.322265625,-11.2115478515625
2021-09-18 19:08:30.654382,0.9658203125,-0.0185546875,0.2509765625,0.0,0.0,0.0,-4.54833984375,-75.322265625,-11.2115478515625
2021-09-18 19:08:30.664426,0.96630859375,-0.01953125,0.255859375,0.0,0.0,0.0,-4.54833984375,-75.322265625,-11.2115478515625
2021-09-18 19:08:30.674217,0.966796875,-0.01806640625,0.255859375,0.0,0.0,0.0,-4.5428466796875,-75.322265625,-11.2115478515625
2021-09-18 19:08:30.684084,0.9677734375,-0.01953125,0.255859375,0.0,0.0,0.0,-4.537353515625,-75.3167724609375,-11.2115478515625
2021-09-18 19:08:30.694207,0.966796875,-0.01806640625,0.25439453125,0.0,0.0,0.0,-4.5318603515625,-75.3167724609375,-11.2115478515625
2021-09-18 19:08:30.704121,0.9658203125,-0.01904296875,0.25341796875,0.0,0.0,0.0,-4.5318603515625,-75.3167724609375,-11.2115478515625
2021-09-18 19:08:30.714151,0.9658203125,-0.02001953125,0.25146484375,0.0,0.0,0.0,-4.5318603515625,-75.3167724609375,-11.2115478515625
2021-09-18 19:08:30.723967,0.96484375,-0.02001953125,0.25341796875,0.0,0.0,0.0,-4.5318603515625,-75.3167724609375,-11.2115478515625
2021-09-18 19:08:30.734067,0.96533203125,-0.01904296875,0.25341796875,0.0,0.0,0.0,-4.5318603515625,-75.3167724609375,-11.2115478515625
2021-09-18 19:08:30.744001,0.96728515625,-0.01806640625,0.25341796875,0.0,0.0,0.0,-4.5263671875,-75.3167724609375,-11.2115478515625
2021-09-18 19:08:30.753911,0.9658203125,-0.02001953125,0.25537109375,0.0,0.0,0.0,-4.5263671875,-75.3167724609375,-11.2115478515625
2021-09-18 19:08:30.763985,0.966796875,-0.01953125,0.25537109375,0.0,0.0,0.0,-4.5208740234375,-75.3167724609375,-11.2115478515625
2021-09-18 19:08:30.773900,0.96484375,-0.01904296875,0.25244140625,0.0,0.0,0.0,-4.5208740234375,-75.3167724609375,-11.2115478515625
2021-09-18 19:08:30.783802,0.96630859375,-0.01904296875,0.25244140625,0.0,0.0,0.0,-4.5208740234375,-75.3167724609375,-11.2115478515625
2021-09-18 19:08:30.793708,0.96630859375,-0.021484375,0.2509765625,0.0,0.0,0.0,-4.5208740234375,-75.3167724609375,-11.2115478515625
2021-09-18 19:08:30.804652,0.96484375,-0.0205078125,0.2509765625,0.0,0.0,0.0,-4.5263671875,-75.3167724609375,-11.2115478515625
2021-09-18 19:08:30.813669,0.9658203125,-0.02099609375,0.2529296875,0.0,0.0,0.0,-4.5263671875,-75.3167724609375,-11.2115478515625
2021-09-18 19:08:30.823682,0.96630859375,-0.0205078125,0.2529296875,0.0,0.0,0.0,-4.5263671875,-75.3167724609375,-11.2115478515625
2021-09-18 19:08:30.833552,0.9658203125,-0.02001953125,0.2529296875,0.0,0.0,0.0,-4.5263671875,-75.3167724609375,-11.2115478515625
2021-09-18 19:08:30.843695,0.96533203125,-0.01904296875,0.25341796875,0.0,0.0,0.0,-4.5263671875,-75.3167724609375,-11.2115478515625
2021-09-18 19:08:30.853613,0.966796875,-0.01953125,0.2529296875,0.0,0.0,0.0,-4.5263671875,-75.3167724609375,-11.2115478515625
2021-09-18 19:08:30.863473,0.96826171875,-0.02099609375,0.25439453125,0.0,0.0,0.0,-4.5263671875,-75.3167724609375,-11.2115478515625
2021-09-18 19:08:30.873808,0.96630859375,-0.0205078125,0.251953125,0.0,0.0,0.0,-4.5263671875,-75.3167724609375,-11.2115478515625
2021-09-18 19:08:30.883522,0.96630859375,-0.01904296875,0.2529296875,0.0,0.0,0.0,-4.5263671875,-75.3167724609375,-11.2115478515625
2021-09-18 19:08:30.893427,0.9658203125,-0.01904296875,0.2529296875,0.0,0.0,0.0,-4.5208740234375,-75.3167724609375,-11.2115478515625
2021-09-18 19:08:30.903320,0.96533203125,-0.0205078125,0.25341796875,0.0,0.0,0.0,-4.5263671875,-75.3167724609375,-11.2115478515625
2021-09-18 19:08:30.913453,0.9638671875,-0.0185546875,0.25341796875,0.0,0.0,0.0,-4.5208740234375,-75.3167724609375,-11.2115478515625
2021-09-18 19:08:30.923616,0.96484375,-0.01904296875,0.25439453125,0.0,0.0,0.0,-4.515380859375,-75.3167724609375,-11.2115478515625
2021-09-18 19:08:30.933347,0.9658203125,-0.0205078125,0.251953125,0.0,0.0,0.0,-4.5208740234375,-75.3167724609375,-11.2115478515625
2021-09-18 19:08:30.943183,0.9658203125,-0.02099609375,0.2509765625,0.0,0.0,0.0,-4.5208740234375,-75.3167724609375,-11.2115478515625
2021-09-18 19:08:30.953294,0.96484375,-0.02099609375,0.25341796875,0.0,0.0,0.0,-4.5263671875,-75.3167724609375,-11.2115478515625
2021-09-18 19:08:30.963290,0.966796875,-0.0205078125,0.2529296875,0.0,0.0,0.0,-4.5263671875,-75.3167724609375,-11.2115478515625
2021-09-18 19:08:30.973255,0.96630859375,-0.02001953125,0.25634765625,0.0,0.0,0.0,-4.5263671875,-75.3167724609375,-11.2115478515625
2021-09-18 19:08:30.983049,0.96630859375,-0.0205078125,0.2529296875,0.0,0.0,0.0,-4.5263671875,-75.3167724609375,-11.2115478515625
2021-09-18 19:08:30.993154,0.96484375,-0.02001953125,0.25146484375,0.0,0.0,0.0,-4.5263671875,-75.3167724609375,-11.2115478515625
2021-09-18 19:08:31.003050,0.96533203125,-0.01904296875,0.25244140625,0.0,0.0,0.0,-4.5208740234375,-75.3167724609375,-11.2115478515625
2021-09-18 19:08:31.012970,0.96533203125,-0.01953125,0.25390625,0.0,0.0,0.0,-4.5208740234375,-75.3167724609375,-11.2115478515625
2021-09-18 19:08:31.022979,0.96533203125,-0.0185546875,0.25390625,0.0,0.0,0.0,-4.5208740234375,-75.3167724609375,-11.2115478515625
2021-09-18 19:08:31.032987,0.966796875,-0.01904296875,0.25439453125,0.0,0.0,0.0,-4.515380859375,-75.3167724609375,-11.2115478515625
2021-09-18 19:08:31.042901,0.9658203125,-0.01904296875,0.2509765625,0.0,0.0,0.0,-4.515380859375,-75.3167724609375,-11.2115478515625
2021-09-18 19:08:31.052823,0.9658203125,-0.01953125,0.24951171875,0.0,0.0,0.0,-4.515380859375,-75.322265625,-11.2115478515625
2021-09-18 19:08:31.062722,0.96630859375,-0.01806640625,0.251953125,0.0,0.0,0.0,-4.5098876953125,-75.322265625,-11.2115478515625
2021-09-18 19:08:31.072890,0.96435546875,-0.02001953125,0.2529296875,0.0,0.0,0.0,-4.5098876953125,-75.322265625,-11.2115478515625
2021-09-18 19:08:31.082751,0.9658203125,-0.01904296875,0.2529296875,0.0,0.0,0.0,-4.5098876953125,-75.322265625,-11.2115478515625
2021-09-18 19:08:31.092694,0.9658203125,-0.01904296875,0.255859375,0.0,0.0,0.0,-4.50439453125,-75.3167724609375,-11.2115478515625
2021-09-18 19:08:31.102771,0.9658203125,-0.0185546875,0.251953125,0.0,0.0,0.0,-4.50439453125,-75.3167724609375,-11.2115478515625
2021-09-18 19:08:31.112662,0.96630859375,-0.0205078125,0.25439453125,0.0,0.0,0.0,-4.50439453125,-75.3167724609375,-11.2115478515625
2021-09-18 19:08:31.122553,0.9658203125,-0.01953125,0.251953125,0.0,0.0,0.0,-4.50439453125,-75.322265625,-11.2115478515625
2021-09-18 19:08:31.132569,0.9638671875,-0.01953125,0.25390625,0.0,0.0,0.0,-4.50439453125,-75.3167724609375,-11.2115478515625
2021-09-18 19:08:31.142670,0.966796875,-0.02099609375,0.25390625,0.0,0.0,0.0,-4.50439453125,-75.3167724609375,-11.2115478515625
2021-09-18 19:08:31.152542,0.966796875,-0.01953125,0.2529296875,0.0,0.0,0.0,-4.50439453125,-75.3167724609375,-11.2115478515625
2021-09-18 19:08:31.162467,0.96533203125,-0.01953125,0.25244140625,0.0,0.0,0.0,-4.50439453125,-75.322265625,-11.2115478515625
2021-09-18 19:08:31.172370,0.9658203125,-0.02099609375,0.25439453125,0.0,0.0,0.0,-4.50439453125,-75.3167724609375,-11.2115478515625
2021-09-18 19:08:31.182410,0.966796875,-0.02001953125,0.25244140625,0.0,0.0,0.0,-4.50439453125,-75.322265625,-11.2115478515625
2021-09-18 19:08:31.192397,0.96484375,-0.0185546875,0.2509765625,0.0,0.0,0.0,-4.50439453125,-75.322265625,-11.2115478515625
2021-09-18 19:08:31.202305,0.96435546875,-0.0205078125,0.25048828125,0.0,0.0,0.0,-4.50439453125,-75.322265625,-11.2115478515625
2021-09-18 19:08:31.212255,0.96630859375,-0.02099609375,0.25146484375,0.0,0.0,0.0,-4.50439453125,-75.322265625,-11.2115478515625
2021-09-18 19:08:31.222156,0.9677734375,-0.02197265625,0.25146484375,0.0,0.0,0.0,-4.5098876953125,-75.322265625,-11.2115478515625
2021-09-18 19:08:31.232287,0.9658203125,-0.0185546875,0.25341796875,0.0,0.0,0.0,-4.5098876953125,-75.322265625,-11.2115478515625
2021-09-18 19:08:31.242168,0.9638671875,-0.01953125,0.25439453125,0.0,0.0,0.0,-4.50439453125,-75.322265625,-11.2115478515625
2021-09-18 19:08:31.252074,0.96728515625,-0.0205078125,0.25244140625,0.0,0.0,0.0,-4.5098876953125,-75.322265625,-11.2115478515625
2021-09-18 19:08:31.262121,0.966796875,-0.02099609375,0.25244140625,0.0,0.0,0.0,-4.5098876953125,-75.3277587890625,-11.2115478515625
2021-09-18 19:08:31.272061,0.96484375,-0.0224609375,0.25439453125,0.0,0.0,0.0,-4.515380859375,-75.322265625,-11.2115478515625
2021-09-18 19:08:31.281947,0.96484375,-0.0224609375,0.25390625,0.0,0.0,0.0,-4.5208740234375,-75.322265625,-11.2115478515625
2021-09-18 19:08:31.291969,0.96630859375,-0.02099609375,0.25390625,0.0,0.0,0.0,-4.5208740234375,-75.322265625,-11.2115478515625
2021-09-18 19:08:31.302858,0.96533203125,-0.02099609375,0.251953125,0.0,0.0,0.0,-4.5263671875,-75.322265625,-11.2115478515625
2021-09-18 19:08:31.311917,0.9658203125,-0.02001953125,0.2509765625,0.0,0.0,0.0,-4.5263671875,-75.322265625,-11.2115478515625
2021-09-18 19:08:31.321831,0.966796875,-0.0205078125,0.25439453125,0.0,0.0,0.0,-4.5263671875,-75.322265625,-11.2115478515625
2021-09-18 19:08:31.331726,0.96435546875,-0.02001953125,0.25439453125,0.0,0.0,0.0,-4.5263671875,-75.322265625,-11.2115478515625
2021-09-18 19:08:31.341867,0.96435546875,-0.0205078125,0.25244140625,0.0,0.0,0.0,-4.5263671875,-75.322265625,-11.2115478515625
2021-09-18 19:08:31.351783,0.96337890625,-0.0185546875,0.25341796875,0.0,0.0,0.0,-4.5263671875,-75.322265625,-11.2115478515625
2021-09-18 19:08:31.361711,0.96533203125,-0.01953125,0.25244140625,0.0,0.0,0.0,-4.5208740234375,-75.322265625,-11.2115478515625
2021-09-18 19:08:31.371618,0.9677734375,-0.02099609375,0.251953125,0.0,0.0,0.0,-4.5263671875,-75.3277587890625,-11.2115478515625
2021-09-18 19:08:31.381660,0.96630859375,-0.01953125,0.2529296875,0.0,0.0,0.0,-4.5263671875,-75.3277587890625,-11.2115478515625
2021-09-18 19:08:31.391664,0.962890625,-0.02197265625,0.25,0.0,0.0,0.0,-4.5318603515625,-75.3277587890625,-11.2115478515625
2021-09-18 19:08:31.401547,0.9658203125,-0.02001953125,0.2529296875,0.0,0.0,0.0,-4.5318603515625,-75.3277587890625,-11.2115478515625
2021-09-18 19:08:31.411483,0.96484375,-0.01953125,0.25048828125,0.0,0.0,0.0,-4.5263671875,-75.3277587890625,-11.2115478515625
2021-09-18 19:08:31.421580,0.96435546875,-0.021484375,0.251953125,0.0,0.0,0.0,-4.5318603515625,-75.3277587890625,-11.2115478515625
2021-09-18 19:08:31.431437,0.9658203125,-0.02001953125,0.251953125,0.0,0.0,0.0,-4.5318603515625,-75.3277587890625,-11.2115478515625
2021-09-18 19:08:31.441452,0.96826171875,-0.01953125,0.2509765625,0.0,0.0,0.0,-4.5318603515625,-75.333251953125,-11.2115478515625
2021-09-18 19:08:31.451456,0.96728515625,-0.01953125,0.25390625,0.0,0.0,0.0,-4.5318603515625,-75.333251953125,-11.2115478515625
2021-09-18 19:08:31.461358,0.9638671875,-0.02001953125,0.25439453125,0.0,0.0,0.0,-4.5318603515625,-75.3277587890625,-11.2115478515625
2021-09-18 19:08:31.471307,0.9658203125,-0.01953125,0.255859375,0.0,0.0,0.0,-4.5263671875,-75.3277587890625,-11.2115478515625
2021-09-18 19:08:31.481249,0.96533203125,-0.0224609375,0.25146484375,0.0,0.0,0.0,-4.5318603515625,-75.3277587890625,-11.2115478515625
2021-09-18 19:08:31.491415,0.96435546875,-0.01904296875,0.2529296875,0.0,0.0,0.0,-4.5318603515625,-75.3277587890625,-11.2115478515625
2021-09-18 19:08:31.501298,0.96630859375,-0.02001953125,0.25146484375,0.0,0.0,0.0,-4.5318603515625,-75.3277587890625,-11.2115478515625
2021-09-18 19:08:31.511159,0.966796875,-0.01904296875,0.25439453125,0.0,0.0,0.0,-4.5263671875,-75.3277587890625,-11.2115478515625
2021-09-18 19:08:31.521071,0.966796875,-0.0185546875,0.25390625,0.0,0.0,0.0,-4.5263671875,-75.3277587890625,-11.2115478515625
2021-09-18 19:08:31.531146,0.96728515625,-0.01953125,0.25439453125,0.0,0.0,0.0,-4.5263671875,-75.3277587890625,-11.2115478515625
2021-09-18 19:08:31.541161,0.966796875,-0.01904296875,0.25439453125,0.0,0.0,0.0,-4.5208740234375,-75.3277587890625,-11.2115478515625
2021-09-18 19:08:31.551018,0.9658203125,-0.01953125,0.25439453125,0.0,0.0,0.0,-4.5208740234375,-75.3277587890625,-11.2115478515625
2021-09-18 19:08:31.561082,0.966796875,-0.02001953125,0.25146484375,0.0,0.0,0.0,-4.5208740234375,-75.3277587890625,-11.2115478515625
2021-09-18 19:08:31.570973,0.966796875,-0.01806640625,0.251953125,0.0,0.0,0.0,-4.515380859375,-75.3277587890625,-11.2115478515625
2021-09-18 19:08:31.580925,0.96728515625,-0.02001953125,0.25439453125,0.0,0.0,0.0,-4.515380859375,-75.3277587890625,-11.2115478515625
2021-09-18 19:08:31.591086,0.9658203125,-0.0205078125,0.255859375,0.0,0.0,0.0,-4.515380859375,-75.3277587890625,-11.2115478515625
2021-09-18 19:08:31.600959,0.96484375,-0.01953125,0.255859375,0.0,0.0,0.0,-4.515380859375,-75.3277587890625,-11.2115478515625
2021-09-18 19:08:31.610859,0.9658203125,-0.02099609375,0.25390625,0.0,0.0,0.0,-4.515380859375,-75.3277587890625,-11.2115478515625
2021-09-18 19:08:31.620754,0.9658203125,-0.0205078125,0.25341796875,0.0,0.0,0.0,-4.5208740234375,-75.322265625,-11.2115478515625
2021-09-18 19:08:31.630816,0.96728515625,-0.02001953125,0.24951171875,0.0,0.0,0.0,-4.5208740234375,-75.3277587890625,-11.2115478515625
2021-09-18 19:08:31.640905,0.966796875,-0.0224609375,0.25146484375,0.0,0.0,0.0,-4.5263671875,-75.3277587890625,-11.2115478515625
2021-09-18 19:08:31.650743,0.966796875,-0.0205078125,0.25146484375,0.0,0.0,0.0,-4.5263671875,-75.3277587890625,-11.2115478515625
2021-09-18 19:08:31.660646,0.9658203125,-0.02001953125,0.25341796875,0.0,0.0,0.0,-4.5263671875,-75.3277587890625,-11.2115478515625
2021-09-18 19:08:31.670728,0.96630859375,-0.01953125,0.25244140625,0.0,0.0,0.0,-4.5263671875,-75.3277587890625,-11.2115478515625
2021-09-18 19:08:31.680663,0.9658203125,-0.02099609375,0.25,0.0,0.0,0.0,-4.5263671875,-75.3277587890625,-11.2115478515625
2021-09-18 19:08:31.690709,0.9677734375,-0.02197265625,0.25244140625,0.0,0.0,0.0,-4.5318603515625,-75.333251953125,-11.2115478515625
2021-09-18 19:08:31.700496,0.96728515625,-0.0205078125,0.2509765625,0.0,0.0,0.0,-4.5318603515625,-75.333251953125,-11.2115478515625
2021-09-18 19:08:31.710567,0.96533203125,-0.02001953125,0.25439453125,0.0,0.0,0.0,-4.5318603515625,-75.333251953125,-11.2115478515625
2021-09-18 19:08:31.720475,0.96630859375,-0.02099609375,0.25634765625,0.0,0.0,0.0,-4.537353515625,-75.3277587890625,-11.2115478515625
2021-09-18 19:08:31.730390,0.96728515625,-0.0224609375,0.25439453125,0.0,0.0,0.0,-4.537353515625,-75.3277587890625,-11.2115478515625
